Sale_ID,Date,Time,Branch,Product,Qty,Amount
1,01-08-2025,17:00,2,103,7,35
2,01-08-2025,15:45,4,103,1,5
3,01-08-2025,10:15,3,104,10,45
4,01-08-2025,13:30,3,105,7,56
5,01-08-2025,17:30,1,102,2,20
6,01-08-2025,13:15,3,102,4,40
7,02-08-2025,15:15,2,101,6,90
8,02-08-2025,19:30,4,101,3,45
9,02-08-2025,18:30,1,101,4,60
10,02-08-2025,18:45,4,102,10,100
11,02-08-2025,19:30,1,104,2,9
12,02-08-2025,10:30,1,101,6,90
13,02-08-2025,17:45,3,105,9,72
14,03-08-2025,20:30,4,102,5,50
15,03-08-2025,10:15,3,102,5,50
16,03-08-2025,16:00,2,105,7,56
17,03-08-2025,20:00,1,105,9,72
18,03-08-2025,20:15,4,104,5,22.5
19,03-08-2025,19:45,3,104,7,31.5
20,03-08-2025,20:30,4,104,8,36
21,04-08-2025,20:30,1,105,7,56
22,04-08-2025,13:15,2,102,7,70
23,04-08-2025,14:15,3,102,10,100
24,04-08-2025,11:45,4,101,3,45
25,04-08-2025,15:15,3,101,4,60
26,04-08-2025,18:15,3,102,9,90
27,05-08-2025,20:45,3,101,9,135
28,05-08-2025,13:45,1,102,10,100
29,05-08-2025,19:15,1,104,8,36
30,05-08-2025,13:30,3,102,2,20
31,06-08-2025,13:15,4,105,6,48
32,06-08-2025,10:15,2,105,6,48
33,06-08-2025,10:45,2,102,2,20
34,07-08-2025,14:45,2,105,6,48
35,07-08-2025,19:00,4,103,4,20
36,07-08-2025,11:15,4,103,10,50
37,07-08-2025,17:30,2,102,1,10
38,08-08-2025,12:00,2,104,2,9
39,08-08-2025,16:15,2,104,5,22.5
40,08-08-2025,11:15,2,105,7,56
41,08-08-2025,19:00,3,105,5,40
42,08-08-2025,11:00,4,104,6,27
43,08-08-2025,13:15,3,105,7,56
44,09-08-2025,16:45,4,101,8,120
45,09-08-2025,20:45,3,101,10,150
46,09-08-2025,12:00,1,103,5,25
47,09-08-2025,12:45,3,105,5,40
48,09-08-2025,18:15,2,104,1,4.5
49,09-08-2025,19:00,4,102,9,90
50,10-08-2025,10:00,2,105,10,80
51,10-08-2025,10:15,4,101,8,120
52,10-08-2025,17:45,2,102,9,90
53,10-08-2025,14:30,3,103,10,50
54,10-08-2025,11:30,4,104,7,31.5
55,10-08-2025,14:00,2,101,4,60
56,11-08-2025,18:15,3,102,7,70
57,11-08-2025,12:30,1,101,2,30
58,11-08-2025,15:00,3,103,10,50
59,11-08-2025,15:15,3,104,9,40.5
60,11-08-2025,11:30,3,102,9,90
61,11-08-2025,20:15,3,103,8,40
62,11-08-2025,15:00,1,104,4,18
63,12-08-2025,12:45,3,103,1,5
64,12-08-2025,13:15,3,103,3,15
65,12-08-2025,18:30,3,105,6,48
66,12-08-2025,16:45,2,102,6,60
67,12-08-2025,15:30,4,105,2,16
68,12-08-2025,13:45,4,105,4,32
69,12-08-2025,20:30,4,102,4,40
70,13-08-2025,13:30,2,104,6,27
71,13-08-2025,17:30,2,101,9,135
72,13-08-2025,18:30,2,101,2,30
73,13-08-2025,11:00,4,101,2,30
74,13-08-2025,16:45,1,104,8,36
75,14-08-2025,20:45,4,104,2,9
76,14-08-2025,16:30,1,101,9,135
77,14-08-2025,17:30,2,105,10,80
78,15-08-2025,12:15,2,104,2,9
79,15-08-2025,17:15,1,102,4,40
80,15-08-2025,15:30,2,103,5,25
81,15-08-2025,17:45,2,104,10,45
82,16-08-2025,17:45,1,104,8,36
83,16-08-2025,19:30,4,103,3,15
84,16-08-2025,16:45,1,104,3,13.5
85,16-08-2025,17:00,1,104,8,36
86,16-08-2025,20:00,3,103,10,50
87,16-08-2025,12:15,4,105,5,40
88,16-08-2025,18:30,1,101,4,60
89,17-08-2025,15:00,4,102,1,10
90,17-08-2025,11:00,4,103,6,30
91,17-08-2025,13:15,3,103,9,45
92,17-08-2025,18:15,1,103,4,20
93,18-08-2025,20:30,2,102,4,40
94,18-08-2025,16:15,2,104,3,13.5
95,18-08-2025,15:00,4,101,4,60
96,18-08-2025,15:00,4,102,9,90
97,18-08-2025,12:15,3,104,4,18
98,18-08-2025,10:45,3,101,4,60
99,19-08-2025,11:45,3,104,10,45
100,19-08-2025,15:15,3,105,6,48
101,19-08-2025,19:00,1,103,10,50
102,19-08-2025,11:00,3,105,3,24
103,19-08-2025,15:00,2,104,9,40.5
104,20-08-2025,15:15,2,104,8,36
105,20-08-2025,13:15,4,101,5,75
106,20-08-2025,17:45,1,103,9,45
107,20-08-2025,11:45,4,103,8,40
108,20-08-2025,14:45,4,104,2,9
109,20-08-2025,17:15,1,101,7,105
110,21-08-2025,12:15,3,101,1,15
111,21-08-2025,11:15,1,103,9,45
112,21-08-2025,16:45,4,103,5,25
113,21-08-2025,12:30,1,105,9,72
114,22-08-2025,11:00,2,103,2,10
115,22-08-2025,15:45,2,105,10,80
116,22-08-2025,17:45,2,103,10,50
117,22-08-2025,12:30,3,104,6,27
118,22-08-2025,11:30,3,103,9,45
119,22-08-2025,20:45,4,104,9,40.5
120,23-08-2025,16:30,2,103,4,20
121,23-08-2025,19:00,4,102,9,90
122,23-08-2025,10:00,1,103,2,10
123,23-08-2025,12:30,4,103,1,5
124,23-08-2025,19:30,2,102,2,20
125,23-08-2025,10:15,2,105,10,80
126,23-08-2025,20:00,1,103,5,25
127,24-08-2025,11:00,3,104,5,22.5
128,24-08-2025,14:45,3,101,4,60
129,24-08-2025,15:45,2,101,9,135
130,25-08-2025,11:15,2,101,1,15
131,25-08-2025,10:15,4,105,6,48
132,25-08-2025,19:00,2,101,8,120
133,26-08-2025,19:30,3,105,1,8
134,26-08-2025,10:00,1,103,3,15
135,26-08-2025,18:00,3,101,3,45
136,27-08-2025,12:30,2,103,7,35
137,27-08-2025,12:45,3,103,3,15
138,27-08-2025,11:45,4,103,7,35
139,27-08-2025,17:00,4,102,3,30
140,27-08-2025,20:00,1,102,2,20
141,27-08-2025,16:30,4,105,1,8
142,27-08-2025,15:15,3,103,2,10
143,28-08-2025,19:30,1,105,8,64
144,28-08-2025,17:15,4,101,6,90
145,28-08-2025,15:00,3,101,9,135
146,28-08-2025,19:45,2,101,9,135
147,28-08-2025,19:45,1,103,1,5
148,28-08-2025,12:45,3,104,4,18
149,28-08-2025,17:45,1,102,9,90
150,29-08-2025,12:00,4,103,5,25
151,29-08-2025,12:30,3,101,1,15
152,29-08-2025,18:00,3,102,5,50
153,29-08-2025,15:30,2,105,10,80
154,30-08-2025,19:00,2,105,6,48
155,30-08-2025,12:00,4,101,8,120
156,30-08-2025,17:00,2,102,2,20
157,30-08-2025,14:30,4,103,7,35
158,31-08-2025,18:00,2,103,7,35
159,31-08-2025,17:45,3,101,9,135
160,31-08-2025,13:00,2,105,8,64
161,31-08-2025,19:30,3,104,6,27
162,31-08-2025,13:00,1,104,3,13.5
163,31-08-2025,13:30,1,105,2,16
164,01-09-2025,19:45,3,101,1,15
165,01-09-2025,19:30,2,104,1,4.5
166,01-09-2025,10:45,2,105,9,72
167,01-09-2025,12:00,1,105,6,48
168,02-09-2025,19:00,1,102,8,80
169,02-09-2025,17:15,2,105,8,64
170,02-09-2025,17:15,4,102,7,70
171,02-09-2025,19:45,4,103,2,10
172,03-09-2025,14:30,4,102,3,30
173,03-09-2025,16:30,2,105,6,48
174,03-09-2025,13:00,4,101,4,60
175,03-09-2025,18:00,1,101,10,150
176,03-09-2025,10:45,2,105,5,40
177,03-09-2025,12:15,3,102,1,10
178,03-09-2025,18:30,2,103,2,10
179,04-09-2025,16:15,4,104,5,22.5
180,04-09-2025,13:45,2,103,2,10
181,04-09-2025,12:45,2,103,5,25
182,05-09-2025,15:00,3,102,10,100
183,05-09-2025,18:00,1,102,3,30
184,05-09-2025,13:15,4,101,10,150
185,05-09-2025,13:45,2,101,4,60
186,05-09-2025,17:00,4,104,1,4.5
187,05-09-2025,14:30,4,104,1,4.5
188,06-09-2025,19:00,2,105,3,24
189,06-09-2025,13:00,2,104,6,27
190,06-09-2025,15:15,1,103,8,40
191,06-09-2025,20:45,4,102,2,20
192,06-09-2025,10:00,2,105,10,80
193,07-09-2025,14:15,1,105,6,48
194,07-09-2025,20:45,4,102,10,100
195,07-09-2025,11:00,4,101,10,150
196,08-09-2025,13:00,4,101,7,105
197,08-09-2025,11:30,1,104,5,22.5
198,08-09-2025,15:00,1,103,2,10
199,08-09-2025,18:15,4,101,10,150
200,08-09-2025,11:45,4,103,5,25
201,08-09-2025,19:00,3,104,5,22.5
202,08-09-2025,13:15,1,104,10,45
203,09-09-2025,13:45,3,103,3,15
204,09-09-2025,19:30,2,104,5,22.5
205,09-09-2025,14:15,2,101,2,30
206,10-09-2025,12:15,2,105,8,64
207,10-09-2025,17:15,3,102,3,30
208,10-09-2025,16:00,1,102,2,20
209,11-09-2025,14:30,1,105,4,32
210,11-09-2025,18:15,4,101,9,135
211,11-09-2025,18:00,2,104,4,18
212,11-09-2025,15:30,4,101,1,15
213,11-09-2025,11:45,1,105,2,16
214,12-09-2025,19:30,3,101,6,90
215,12-09-2025,14:00,1,103,1,5
216,12-09-2025,16:45,2,101,5,75
217,12-09-2025,11:45,1,102,9,90
218,12-09-2025,16:00,2,102,3,30
219,12-09-2025,17:00,3,101,2,30
220,13-09-2025,20:30,2,102,5,50
221,13-09-2025,19:30,3,102,3,30
222,13-09-2025,12:45,1,101,5,75
223,13-09-2025,11:30,2,105,10,80
224,13-09-2025,20:00,3,105,3,24
225,14-09-2025,11:45,4,101,3,45
226,14-09-2025,13:00,4,102,8,80
227,14-09-2025,20:45,2,103,8,40
228,14-09-2025,15:00,2,105,9,72
229,15-09-2025,16:00,4,102,10,100
230,15-09-2025,17:00,4,101,6,90
231,15-09-2025,11:30,2,101,7,105
232,16-09-2025,12:15,1,104,2,9
233,16-09-2025,19:00,4,105,3,24
234,16-09-2025,19:30,2,101,7,105
235,16-09-2025,10:45,2,102,6,60
236,16-09-2025,18:00,2,105,8,64
237,17-09-2025,19:15,2,101,5,75
238,17-09-2025,19:30,3,102,7,70
239,17-09-2025,14:30,2,101,1,15
240,17-09-2025,11:15,2,104,9,40.5
241,17-09-2025,13:15,1,105,9,72
242,17-09-2025,17:15,4,105,6,48
243,18-09-2025,20:30,3,105,5,40
244,18-09-2025,18:00,1,102,10,100
245,18-09-2025,14:45,4,105,6,48
246,18-09-2025,13:30,4,103,9,45
247,18-09-2025,12:00,3,101,2,30
248,18-09-2025,13:15,1,104,4,18
249,18-09-2025,18:15,1,101,5,75
250,19-09-2025,11:30,3,102,8,80
251,19-09-2025,12:30,3,101,6,90
252,19-09-2025,10:00,2,103,2,10
253,19-09-2025,11:15,3,105,10,80
254,19-09-2025,19:15,3,102,2,20
255,19-09-2025,20:00,3,104,8,36
256,20-09-2025,13:45,2,105,8,64
257,20-09-2025,16:30,3,102,6,60
258,20-09-2025,14:15,1,105,4,32
259,21-09-2025,17:45,1,102,10,100
260,21-09-2025,19:30,2,105,2,16
261,21-09-2025,14:30,1,105,10,80
262,21-09-2025,18:00,2,103,3,15
263,22-09-2025,16:45,1,101,6,90
264,22-09-2025,16:45,1,102,10,100
265,22-09-2025,12:30,1,102,4,40
266,22-09-2025,20:30,4,101,2,30
267,22-09-2025,16:45,1,101,3,45
268,23-09-2025,14:15,3,104,10,45
269,23-09-2025,10:45,4,103,5,25
270,23-09-2025,18:30,3,104,7,31.5
271,23-09-2025,19:30,2,103,7,35
272,23-09-2025,13:00,1,102,3,30
273,24-09-2025,14:30,1,102,4,40
274,24-09-2025,11:45,1,104,2,9
275,24-09-2025,17:45,2,104,2,9
276,24-09-2025,11:45,2,101,5,75
277,24-09-2025,11:45,1,105,5,40
278,24-09-2025,19:15,1,102,5,50
279,24-09-2025,10:30,3,102,6,60
280,25-09-2025,14:30,4,103,1,5
281,25-09-2025,16:45,1,101,8,120
282,25-09-2025,10:00,4,103,10,50
283,25-09-2025,19:45,2,104,1,4.5
284,25-09-2025,16:45,3,105,9,72
285,26-09-2025,19:45,4,101,10,150
286,26-09-2025,16:00,4,104,4,18
287,26-09-2025,18:30,4,105,3,24
288,26-09-2025,15:00,1,101,3,45
289,27-09-2025,10:45,2,102,2,20
290,27-09-2025,13:00,2,103,5,25
291,27-09-2025,17:15,3,103,9,45
292,27-09-2025,14:45,2,101,8,120
293,27-09-2025,19:00,3,105,9,72
294,27-09-2025,17:00,1,101,6,90
295,28-09-2025,14:00,1,103,5,25
296,28-09-2025,12:30,4,105,3,24
297,28-09-2025,11:15,1,103,3,15
298,28-09-2025,11:00,3,101,4,60
299,28-09-2025,19:30,2,102,9,90
300,28-09-2025,20:30,2,101,6,90
301,29-09-2025,20:00,2,101,5,75
302,29-09-2025,18:00,3,103,7,35
303,29-09-2025,16:30,3,104,7,31.5
304,29-09-2025,11:15,1,104,3,13.5
305,29-09-2025,12:15,2,104,6,27
306,29-09-2025,12:00,1,105,10,80
307,29-09-2025,13:30,1,103,6,30
308,30-09-2025,12:15,3,103,3,15
309,30-09-2025,15:45,1,102,3,30
310,30-09-2025,18:45,3,103,5,25
311,30-09-2025,14:30,1,102,8,80
312,30-09-2025,11:15,2,105,2,16
313,30-09-2025,16:15,1,105,6,48
314,01-10-2025,18:00,3,101,6,90
315,01-10-2025,14:30,3,103,8,40
316,01-10-2025,19:45,4,101,5,75
317,01-10-2025,18:30,3,102,2,20
318,01-10-2025,11:45,3,101,10,150
319,01-10-2025,13:15,3,101,1,15
320,01-10-2025,18:45,4,104,10,45
321,02-10-2025,17:45,3,103,1,5
322,02-10-2025,16:00,4,101,10,150
323,02-10-2025,15:15,2,102,10,100
324,02-10-2025,17:45,2,104,4,18
325,02-10-2025,14:15,1,102,7,70
326,02-10-2025,10:00,3,102,9,90
327,02-10-2025,15:45,3,104,2,9
328,03-10-2025,13:30,4,103,7,35
329,03-10-2025,20:00,2,102,8,80
330,03-10-2025,18:00,4,101,7,105
331,03-10-2025,16:00,1,105,2,16
332,03-10-2025,15:00,1,101,10,150
333,04-10-2025,11:00,3,102,9,90
334,04-10-2025,11:15,4,101,9,135
335,04-10-2025,18:30,4,101,4,60
336,04-10-2025,18:15,3,101,10,150
337,04-10-2025,14:30,4,102,9,90
338,04-10-2025,14:45,3,101,6,90
339,04-10-2025,18:15,3,105,4,32
340,05-10-2025,20:15,4,101,10,150
341,05-10-2025,12:00,4,103,1,5
342,05-10-2025,10:15,4,101,6,90
343,05-10-2025,20:00,3,105,4,32
344,06-10-2025,16:15,2,103,8,40
345,06-10-2025,11:15,4,105,1,8
346,06-10-2025,13:15,3,104,2,9
347,06-10-2025,11:30,3,101,8,120
348,06-10-2025,15:15,3,105,1,8
349,07-10-2025,19:45,1,102,8,80
350,07-10-2025,12:15,1,104,7,31.5
351,07-10-2025,19:45,4,103,4,20
352,07-10-2025,13:15,3,104,7,31.5
353,08-10-2025,10:30,3,102,9,90
354,08-10-2025,17:45,4,105,7,56
355,08-10-2025,11:15,4,102,1,10
356,08-10-2025,19:15,1,105,4,32
357,08-10-2025,18:00,2,102,5,50
358,08-10-2025,15:15,1,103,2,10
359,09-10-2025,16:00,3,101,9,135
360,09-10-2025,20:15,3,102,5,50
361,09-10-2025,16:45,3,105,8,64
362,10-10-2025,10:45,1,101,1,15
363,10-10-2025,13:30,3,105,7,56
364,10-10-2025,17:00,2,102,7,70
365,10-10-2025,20:45,1,101,4,60
366,10-10-2025,16:15,1,103,4,20
367,10-10-2025,14:45,1,102,10,100
368,11-10-2025,20:30,4,104,3,13.5
369,11-10-2025,15:30,1,101,10,150
370,11-10-2025,17:00,4,105,10,80
371,11-10-2025,17:00,2,102,7,70
372,11-10-2025,16:00,1,105,1,8
373,11-10-2025,16:30,4,102,7,70
374,12-10-2025,15:15,4,101,2,30
375,12-10-2025,16:30,1,103,6,30
376,12-10-2025,10:00,3,102,6,60
377,12-10-2025,17:30,1,102,5,50
378,12-10-2025,10:15,2,102,5,50
379,13-10-2025,18:30,3,103,3,15
380,13-10-2025,14:00,1,101,6,90
381,13-10-2025,13:45,3,104,4,18
382,14-10-2025,13:00,3,105,2,16
383,14-10-2025,18:45,4,101,5,75
384,14-10-2025,14:30,2,102,9,90
385,15-10-2025,14:30,3,104,7,31.5
386,15-10-2025,18:00,3,104,6,27
387,15-10-2025,11:30,1,101,9,135
388,16-10-2025,14:30,3,101,4,60
389,16-10-2025,19:00,4,103,1,5
390,16-10-2025,18:30,2,101,3,45
391,16-10-2025,14:00,3,104,2,9
392,16-10-2025,12:00,3,105,7,56
393,16-10-2025,13:30,3,104,5,22.5
394,16-10-2025,14:30,3,103,8,40
395,17-10-2025,15:15,1,101,8,120
396,17-10-2025,20:00,2,105,4,32
397,17-10-2025,11:00,3,104,8,36
398,17-10-2025,12:00,2,102,9,90
399,17-10-2025,18:45,4,105,6,48
400,17-10-2025,17:45,2,101,8,120
401,17-10-2025,19:15,3,104,5,22.5
402,18-10-2025,16:45,3,103,2,10
403,18-10-2025,19:00,1,101,1,15
404,18-10-2025,18:30,2,105,5,40
405,18-10-2025,20:15,4,101,9,135
406,18-10-2025,17:45,4,101,7,105
407,18-10-2025,14:00,4,101,8,120
408,18-10-2025,16:30,2,104,10,45
409,19-10-2025,18:00,4,101,7,105
410,19-10-2025,10:45,4,102,3,30
411,19-10-2025,17:45,2,103,9,45
412,19-10-2025,16:45,2,104,5,22.5
413,19-10-2025,20:15,4,102,10,100
414,20-10-2025,18:00,4,101,2,30
415,20-10-2025,13:30,3,103,2,10
416,20-10-2025,18:15,4,103,10,50
417,21-10-2025,12:00,4,102,4,40
418,21-10-2025,16:15,4,101,5,75
419,21-10-2025,10:15,1,104,6,27
420,22-10-2025,18:00,2,104,7,31.5
421,22-10-2025,10:45,3,105,1,8
422,22-10-2025,15:15,3,104,3,13.5
423,23-10-2025,12:30,3,105,4,32
424,23-10-2025,12:00,4,102,1,10
425,23-10-2025,19:00,2,101,7,105
426,23-10-2025,15:00,4,101,9,135
427,23-10-2025,12:15,4,104,8,36
428,23-10-2025,16:45,4,101,10,150
429,24-10-2025,11:45,3,103,3,15
430,24-10-2025,18:00,1,103,8,40
431,24-10-2025,10:15,3,104,7,31.5
432,24-10-2025,10:45,2,101,5,75
433,25-10-2025,17:45,4,104,2,9
434,25-10-2025,14:30,1,103,6,30
435,25-10-2025,11:45,4,104,1,4.5
436,25-10-2025,16:30,1,105,1,8
437,25-10-2025,16:00,3,103,5,25
438,25-10-2025,18:15,1,101,4,60
439,25-10-2025,18:30,1,104,7,31.5
440,26-10-2025,17:15,3,103,4,20
441,26-10-2025,16:30,2,105,1,8
442,26-10-2025,14:30,1,101,5,75
443,26-10-2025,19:45,3,102,3,30
444,27-10-2025,17:15,3,104,6,27
445,27-10-2025,11:00,2,103,6,30
446,27-10-2025,18:15,4,103,1,5
447,27-10-2025,18:45,4,104,5,22.5
448,27-10-2025,14:45,1,104,7,31.5
449,27-10-2025,10:30,4,101,5,75
450,28-10-2025,18:15,1,102,2,20
451,28-10-2025,17:00,3,102,9,90
452,28-10-2025,11:45,3,104,5,22.5
453,28-10-2025,11:00,3,103,5,25
454,28-10-2025,19:00,1,101,6,90
455,28-10-2025,11:45,4,101,1,15
456,28-10-2025,14:30,3,105,6,48
457,29-10-2025,14:15,1,104,5,22.5
458,29-10-2025,15:45,3,103,8,40
459,29-10-2025,12:30,3,102,8,80
460,29-10-2025,11:30,2,101,6,90
461,29-10-2025,10:15,2,103,9,45
462,30-10-2025,11:30,4,102,6,60
463,30-10-2025,12:15,2,103,2,10
464,30-10-2025,10:15,4,105,3,24
465,30-10-2025,12:00,3,104,2,9
466,30-10-2025,20:30,1,104,7,31.5
467,30-10-2025,18:00,3,102,4,40
468,30-10-2025,11:30,1,105,9,72
469,31-10-2025,13:00,2,103,10,50
470,31-10-2025,16:15,2,105,1,8
471,31-10-2025,19:15,1,103,4,20
472,31-10-2025,18:45,3,103,2,10
473,31-10-2025,16:45,3,102,7,70
474,01-11-2025,14:15,4,101,8,120
475,01-11-2025,18:30,2,103,6,30
476,01-11-2025,17:30,1,101,5,75
477,01-11-2025,18:00,2,101,4,60
478,01-11-2025,12:00,2,103,9,45
479,01-11-2025,15:00,1,101,8,120
480,02-11-2025,10:00,2,104,6,27
481,02-11-2025,13:45,2,101,3,45
482,02-11-2025,16:45,1,102,2,20
483,02-11-2025,19:15,2,105,2,16
484,02-11-2025,14:00,1,103,5,25
485,02-11-2025,15:30,4,101,10,150
486,02-11-2025,20:45,1,102,10,100
487,03-11-2025,14:45,1,105,4,32
488,03-11-2025,18:30,1,101,9,135
489,03-11-2025,17:30,4,104,2,9
490,04-11-2025,18:00,3,102,4,40
491,04-11-2025,11:15,1,103,1,5
492,04-11-2025,15:45,2,101,4,60
493,04-11-2025,13:30,2,101,8,120
494,04-11-2025,20:15,2,104,2,9
495,05-11-2025,14:45,1,101,7,105
496,05-11-2025,10:00,1,101,2,30
497,05-11-2025,16:45,3,105,10,80
498,05-11-2025,15:15,4,105,4,32
499,05-11-2025,16:45,1,101,3,45
500,05-11-2025,11:45,2,101,8,120
501,05-11-2025,18:30,4,104,4,18
502,06-11-2025,16:00,1,105,7,56
503,06-11-2025,12:15,4,105,2,16
504,06-11-2025,12:30,1,103,3,15
505,07-11-2025,15:00,2,102,3,30
506,07-11-2025,13:00,1,104,6,27
507,07-11-2025,17:15,1,103,7,35
508,07-11-2025,15:15,4,105,7,56
509,07-11-2025,15:45,3,104,9,40.5
510,07-11-2025,12:15,1,103,7,35
511,08-11-2025,17:45,4,105,7,56
512,08-11-2025,18:00,3,101,1,15
513,08-11-2025,20:15,2,101,3,45
514,08-11-2025,17:30,4,102,10,100
515,08-11-2025,17:45,4,101,2,30
516,08-11-2025,15:15,4,104,5,22.5
517,09-11-2025,18:00,2,102,5,50
518,09-11-2025,18:00,2,103,6,30
519,09-11-2025,18:00,1,102,4,40
520,09-11-2025,19:30,4,105,1,8
521,09-11-2025,16:00,3,103,7,35
522,09-11-2025,20:45,4,103,10,50
523,10-11-2025,20:15,1,101,2,30
524,10-11-2025,17:45,4,102,10,100
525,10-11-2025,15:00,4,105,3,24
526,10-11-2025,12:45,3,105,5,40
527,10-11-2025,15:00,1,102,3,30
528,11-11-2025,10:45,2,103,2,10
529,11-11-2025,12:30,3,103,6,30
530,11-11-2025,13:45,1,103,10,50
531,11-11-2025,12:15,4,101,1,15
532,11-11-2025,17:45,2,104,1,4.5
533,12-11-2025,13:00,1,103,8,40
534,12-11-2025,14:30,4,105,6,48
535,12-11-2025,19:30,3,105,6,48
536,12-11-2025,17:45,3,104,1,4.5
537,12-11-2025,20:15,4,103,9,45
538,12-11-2025,13:30,2,103,4,20
539,12-11-2025,19:00,4,105,10,80
540,13-11-2025,10:45,1,105,3,24
541,13-11-2025,14:45,3,105,2,16
542,13-11-2025,13:30,2,102,4,40
543,13-11-2025,17:15,4,103,6,30
544,14-11-2025,14:00,2,104,9,40.5
545,14-11-2025,16:15,3,101,6,90
546,14-11-2025,18:15,1,105,5,40
547,15-11-2025,12:15,4,104,6,27
548,15-11-2025,13:45,1,105,10,80
549,15-11-2025,11:45,3,104,5,22.5
550,15-11-2025,15:00,1,105,3,24
551,15-11-2025,20:45,2,101,1,15
552,15-11-2025,20:15,3,101,8,120
553,16-11-2025,20:00,3,102,9,90
554,16-11-2025,10:00,4,102,5,50
555,16-11-2025,12:45,4,101,3,45
556,16-11-2025,18:30,2,102,5,50
557,16-11-2025,15:15,2,104,7,31.5
558,16-11-2025,12:30,1,104,5,22.5
559,16-11-2025,10:15,2,103,6,30
560,17-11-2025,17:00,4,103,5,25
561,17-11-2025,14:15,3,101,8,120
562,17-11-2025,15:00,3,105,2,16
563,17-11-2025,17:00,4,101,6,90
564,17-11-2025,16:30,4,102,6,60
565,17-11-2025,12:00,4,104,8,36
566,17-11-2025,19:30,1,101,8,120
567,18-11-2025,18:00,1,104,9,40.5
568,18-11-2025,18:30,4,104,1,4.5
569,18-11-2025,14:45,4,103,4,20
570,18-11-2025,14:00,1,105,8,64
571,18-11-2025,16:45,4,102,8,80
572,19-11-2025,18:00,1,103,7,35
573,19-11-2025,20:30,3,102,8,80
574,19-11-2025,15:45,3,104,5,22.5
575,19-11-2025,18:00,3,102,7,70
576,19-11-2025,12:15,2,104,4,18
577,19-11-2025,14:45,2,102,9,90
578,20-11-2025,11:00,3,102,6,60
579,20-11-2025,17:30,1,102,7,70
580,20-11-2025,11:45,3,104,9,40.5
581,21-11-2025,13:30,1,104,1,4.5
582,21-11-2025,11:45,3,102,10,100
583,21-11-2025,20:00,1,103,4,20
584,21-11-2025,16:30,4,105,1,8
585,21-11-2025,19:30,2,103,7,35
586,22-11-2025,15:00,1,103,2,10
587,22-11-2025,19:45,1,105,9,72
588,22-11-2025,19:15,4,102,9,90
589,23-11-2025,15:30,4,104,10,45
590,23-11-2025,12:30,1,102,5,50
591,23-11-2025,18:30,1,103,7,35
592,23-11-2025,14:00,3,101,4,60
593,23-11-2025,17:45,3,103,1,5
594,24-11-2025,16:45,1,101,5,75
595,24-11-2025,16:00,4,105,3,24
596,24-11-2025,17:45,4,101,8,120
597,24-11-2025,11:15,2,103,5,25
598,24-11-2025,18:00,3,105,4,32
599,24-11-2025,18:15,4,103,7,35
600,25-11-2025,10:30,3,105,3,24
601,25-11-2025,20:00,4,105,10,80
602,25-11-2025,13:45,2,104,9,40.5
603,25-11-2025,13:30,4,102,2,20
604,26-11-2025,20:00,4,101,9,135
605,26-11-2025,12:30,4,101,4,60
606,26-11-2025,13:00,4,104,9,40.5
607,27-11-2025,10:15,4,103,9,45
608,27-11-2025,18:00,4,101,1,15
609,27-11-2025,19:30,1,105,5,40
610,28-11-2025,10:00,2,101,4,60
611,28-11-2025,12:00,3,101,8,120
612,28-11-2025,11:00,3,105,6,48
613,28-11-2025,13:45,4,101,3,45
614,28-11-2025,14:15,4,104,9,40.5
615,29-11-2025,18:15,3,102,9,90
616,29-11-2025,20:15,3,105,9,72
617,29-11-2025,13:00,1,105,10,80
618,30-11-2025,20:15,2,101,6,90
619,30-11-2025,18:30,2,104,3,13.5
620,30-11-2025,14:00,1,105,10,80
621,30-11-2025,20:45,3,102,9,90
622,30-11-2025,14:15,3,102,9,90
623,30-11-2025,12:30,3,105,3,24
624,01-12-2025,15:00,3,103,7,35
625,01-12-2025,18:00,2,102,6,60
626,01-12-2025,10:00,1,104,7,31.5
627,01-12-2025,15:00,3,101,10,150
628,01-12-2025,19:00,3,105,1,8
629,01-12-2025,15:30,2,102,8,80
630,01-12-2025,19:00,1,103,9,45
631,02-12-2025,17:00,3,102,5,50
632,02-12-2025,12:30,4,104,7,31.5
633,02-12-2025,17:45,3,102,5,50
634,02-12-2025,11:45,2,102,8,80
635,02-12-2025,20:00,4,103,5,25
636,02-12-2025,20:45,1,104,7,31.5
637,02-12-2025,11:15,1,104,9,40.5
638,03-12-2025,13:00,2,102,4,40
639,03-12-2025,10:45,3,103,7,35
640,03-12-2025,17:45,3,102,1,10
641,03-12-2025,20:45,4,104,1,4.5
642,03-12-2025,20:45,1,102,9,90
643,03-12-2025,13:30,4,102,2,20
644,04-12-2025,20:45,3,103,6,30
645,04-12-2025,16:45,3,104,6,27
646,04-12-2025,19:15,1,104,9,40.5
647,05-12-2025,10:00,2,101,5,75
648,05-12-2025,11:30,4,102,2,20
649,05-12-2025,17:00,3,105,7,56
650,05-12-2025,10:30,1,105,1,8
651,06-12-2025,14:30,1,103,10,50
652,06-12-2025,14:00,1,105,6,48
653,06-12-2025,20:30,3,102,3,30
654,06-12-2025,17:30,2,105,9,72
655,06-12-2025,15:45,3,101,4,60
656,06-12-2025,20:15,4,103,2,10
657,07-12-2025,10:30,3,102,8,80
658,07-12-2025,11:00,2,103,2,10
659,07-12-2025,16:30,1,102,2,20
660,07-12-2025,19:15,3,103,6,30
661,08-12-2025,11:45,4,101,10,150
662,08-12-2025,14:00,2,104,4,18
663,08-12-2025,14:45,1,105,9,72
664,08-12-2025,11:15,1,103,2,10
665,08-12-2025,10:15,3,101,4,60
666,08-12-2025,10:45,3,101,3,45
667,09-12-2025,11:15,1,104,6,27
668,09-12-2025,17:00,1,102,2,20
669,09-12-2025,15:30,1,102,1,10
670,09-12-2025,15:00,2,102,2,20
671,10-12-2025,14:45,2,101,4,60
672,10-12-2025,12:30,3,104,8,36
673,10-12-2025,12:45,4,103,3,15
674,10-12-2025,11:45,2,103,4,20
675,10-12-2025,11:30,4,105,1,8
676,11-12-2025,20:15,4,102,6,60
677,11-12-2025,16:00,4,104,10,45
678,11-12-2025,11:30,1,104,6,27
679,11-12-2025,19:45,2,105,6,48
680,11-12-2025,16:30,2,104,5,22.5
681,11-12-2025,11:30,3,101,7,105
682,11-12-2025,19:00,4,103,4,20
683,12-12-2025,19:15,4,103,6,30
684,12-12-2025,14:45,2,101,1,15
685,12-12-2025,18:30,2,103,7,35
686,12-12-2025,14:00,4,104,2,9
687,12-12-2025,20:00,1,105,5,40
688,13-12-2025,12:45,1,104,4,18
689,13-12-2025,20:15,3,105,10,80
690,13-12-2025,13:00,3,101,6,90
691,13-12-2025,11:30,1,104,9,40.5
692,13-12-2025,18:00,2,101,10,150
693,13-12-2025,16:30,2,103,6,30
694,13-12-2025,20:45,4,102,4,40
695,14-12-2025,18:15,4,101,2,30
696,14-12-2025,20:45,4,102,1,10
697,14-12-2025,16:45,3,102,2,20
698,14-12-2025,10:15,3,105,10,80
699,14-12-2025,17:15,4,102,6,60
700,14-12-2025,20:15,4,105,5,40
701,14-12-2025,10:30,4,102,9,90
702,15-12-2025,18:45,3,102,10,100
703,15-12-2025,14:30,3,105,10,80
704,15-12-2025,10:00,1,105,4,32
705,16-12-2025,20:30,3,104,5,22.5
706,16-12-2025,11:30,1,103,1,5
707,16-12-2025,17:30,2,103,10,50
708,16-12-2025,12:30,1,102,8,80
709,16-12-2025,10:45,1,105,2,16
710,17-12-2025,18:15,4,102,5,50
711,17-12-2025,15:00,1,104,4,18
712,17-12-2025,10:45,1,101,9,135
713,18-12-2025,10:45,4,105,5,40
714,18-12-2025,13:00,3,104,2,9
715,18-12-2025,11:15,3,101,8,120
716,18-12-2025,11:00,1,103,1,5
717,18-12-2025,13:15,2,105,5,40
718,19-12-2025,16:00,2,101,8,120
719,19-12-2025,11:15,4,103,8,40
720,19-12-2025,17:00,1,101,9,135
721,19-12-2025,18:00,3,102,10,100
722,19-12-2025,19:30,3,102,10,100
723,20-12-2025,10:15,3,102,3,30
724,20-12-2025,17:45,3,104,5,22.5
725,20-12-2025,15:15,4,103,7,35
726,20-12-2025,18:00,2,105,9,72
727,20-12-2025,14:45,4,102,3,30
728,20-12-2025,18:45,2,104,6,27
729,20-12-2025,20:45,4,105,8,64
730,21-12-2025,17:45,4,105,6,48
731,21-12-2025,17:45,2,102,4,40
732,21-12-2025,18:45,4,105,4,32
733,21-12-2025,11:30,2,104,1,4.5
734,22-12-2025,19:00,3,102,7,70
735,22-12-2025,10:45,4,101,2,30
736,22-12-2025,19:00,4,102,9,90
737,22-12-2025,10:15,4,104,10,45
738,22-12-2025,10:45,3,103,4,20
739,23-12-2025,17:15,2,102,9,90
740,23-12-2025,20:45,4,101,4,60
741,23-12-2025,14:30,3,102,3,30
742,23-12-2025,12:00,1,103,3,15
743,24-12-2025,10:30,1,101,7,105
744,24-12-2025,16:15,3,102,8,80
745,24-12-2025,19:45,3,102,7,70
746,24-12-2025,16:15,2,101,9,135
747,24-12-2025,18:00,1,102,2,20
748,24-12-2025,15:30,1,104,5,22.5
749,24-12-2025,10:45,2,103,1,5
750,25-12-2025,15:15,2,103,2,10
751,25-12-2025,13:45,4,103,9,45
752,25-12-2025,13:30,4,105,2,16
753,25-12-2025,14:45,1,101,3,45
754,25-12-2025,11:00,4,105,9,72
755,25-12-2025,16:00,4,102,1,10
756,25-12-2025,13:15,4,102,10,100
757,26-12-2025,18:15,4,104,9,40.5
758,26-12-2025,13:45,2,103,5,25
759,26-12-2025,19:00,4,104,9,40.5
760,26-12-2025,17:45,4,104,1,4.5
761,26-12-2025,10:00,2,102,10,100
762,27-12-2025,17:00,2,103,6,30
763,27-12-2025,17:15,2,102,8,80
764,27-12-2025,11:45,1,104,4,18
765,27-12-2025,10:45,3,102,3,30
766,27-12-2025,11:30,1,105,7,56
767,27-12-2025,12:15,3,102,9,90
768,28-12-2025,18:15,2,105,3,24
769,28-12-2025,15:15,4,103,3,15
770,28-12-2025,17:30,3,101,4,60
771,28-12-2025,20:00,1,102,8,80
772,28-12-2025,11:00,3,101,10,150
773,28-12-2025,10:30,4,102,4,40
774,29-12-2025,15:45,1,105,3,24
775,29-12-2025,20:30,3,103,9,45
776,29-12-2025,12:00,1,103,3,15
777,29-12-2025,10:15,2,105,5,40
778,29-12-2025,13:30,4,102,3,30
779,30-12-2025,20:30,2,102,4,40
780,30-12-2025,17:45,4,102,10,100
781,30-12-2025,10:00,3,105,2,16
782,31-12-2025,10:45,3,101,9,135
783,31-12-2025,15:45,3,103,1,5
784,31-12-2025,15:45,2,102,9,90
785,31-12-2025,17:00,1,101,6,90
786,31-12-2025,11:30,4,104,10,45
787,01-01-2026,17:45,2,102,10,100
788,01-01-2026,10:30,4,101,2,30
789,01-01-2026,13:30,2,103,5,25
790,01-01-2026,14:15,3,102,4,40
791,01-01-2026,19:00,4,103,6,30
792,01-01-2026,10:45,4,103,10,50
793,02-01-2026,18:15,2,101,4,60
794,02-01-2026,16:30,2,101,1,15
795,02-01-2026,10:00,4,101,7,105
796,02-01-2026,14:45,1,104,6,27
797,02-01-2026,13:30,3,102,4,40
798,02-01-2026,20:00,1,105,4,32
799,03-01-2026,18:00,3,102,6,60
800,03-01-2026,15:45,4,103,3,15
801,03-01-2026,19:30,1,102,9,90
802,04-01-2026,13:00,1,103,10,50
803,04-01-2026,14:00,4,104,7,31.5
804,04-01-2026,19:15,4,101,5,75
805,04-01-2026,20:15,4,105,10,80
806,05-01-2026,12:45,1,102,1,10
807,05-01-2026,11:30,1,105,1,8
808,05-01-2026,17:30,2,102,9,90
809,05-01-2026,14:45,2,104,2,9
810,05-01-2026,14:00,3,103,4,20
811,05-01-2026,10:15,2,104,2,9
812,05-01-2026,18:00,3,101,3,45
813,06-01-2026,13:15,1,105,8,64
814,06-01-2026,18:15,2,101,8,120
815,06-01-2026,13:30,1,101,4,60
816,06-01-2026,10:15,2,104,10,45
817,07-01-2026,19:30,4,102,6,60
818,07-01-2026,11:45,2,103,9,45
819,07-01-2026,13:00,3,101,8,120
820,07-01-2026,20:30,4,105,8,64
821,07-01-2026,11:30,4,105,1,8
822,08-01-2026,19:30,3,102,9,90
823,08-01-2026,18:45,4,105,8,64
824,08-01-2026,11:00,4,105,7,56
825,09-01-2026,12:00,3,103,1,5
826,09-01-2026,14:30,4,103,1,5
827,09-01-2026,13:45,1,103,8,40
828,09-01-2026,14:00,4,104,7,31.5
829,09-01-2026,14:00,2,105,4,32
830,10-01-2026,19:45,4,102,8,80
831,10-01-2026,12:30,3,102,5,50
832,10-01-2026,11:30,1,105,6,48
833,10-01-2026,19:30,3,103,3,15
834,10-01-2026,20:45,3,103,5,25
835,11-01-2026,14:00,2,101,1,15
836,11-01-2026,12:45,3,101,8,120
837,11-01-2026,13:45,3,102,5,50
838,11-01-2026,10:30,3,102,8,80
839,12-01-2026,18:00,4,105,2,16
840,12-01-2026,13:30,4,101,9,135
841,12-01-2026,10:45,4,104,1,4.5
842,12-01-2026,18:00,2,101,2,30
843,13-01-2026,18:30,2,103,2,10
844,13-01-2026,11:45,1,101,6,90
845,13-01-2026,10:45,2,101,3,45
846,13-01-2026,13:30,2,103,8,40
847,13-01-2026,12:00,4,101,10,150
848,13-01-2026,16:45,3,102,4,40
849,13-01-2026,19:45,1,101,5,75
850,14-01-2026,20:30,2,105,6,48
851,14-01-2026,14:00,4,102,9,90
852,14-01-2026,15:30,4,104,3,13.5
853,15-01-2026,16:45,4,102,7,70
854,15-01-2026,20:00,3,103,4,20
855,15-01-2026,19:00,1,103,10,50
856,15-01-2026,14:15,2,103,10,50
857,15-01-2026,12:00,4,101,9,135
858,15-01-2026,20:30,4,101,2,30
859,16-01-2026,17:00,3,105,4,32
860,16-01-2026,17:00,1,104,2,9
861,16-01-2026,15:30,1,103,7,35
862,17-01-2026,19:45,3,102,8,80
863,17-01-2026,18:45,1,103,10,50
864,17-01-2026,14:15,3,104,7,31.5
865,18-01-2026,14:45,2,101,5,75
866,18-01-2026,14:00,4,102,10,100
867,18-01-2026,18:00,2,105,1,8
868,18-01-2026,12:00,2,104,4,18
869,19-01-2026,11:15,1,102,9,90
870,19-01-2026,12:30,2,101,2,30
871,19-01-2026,15:15,1,103,3,15
872,20-01-2026,19:15,2,101,1,15
873,20-01-2026,19:45,3,105,2,16
874,20-01-2026,11:45,3,101,5,75
875,20-01-2026,18:00,2,103,10,50
876,21-01-2026,13:15,2,104,5,22.5
877,21-01-2026,17:45,2,102,4,40
878,21-01-2026,15:45,1,104,8,36
879,21-01-2026,12:00,2,105,5,40
880,21-01-2026,17:15,4,101,3,45
881,22-01-2026,12:45,1,102,9,90
882,22-01-2026,17:30,4,101,2,30
883,22-01-2026,18:15,1,104,9,40.5
884,23-01-2026,11:15,1,102,7,70
885,23-01-2026,13:15,3,103,7,35
886,23-01-2026,15:00,3,102,3,30
887,23-01-2026,19:15,4,105,6,48
888,23-01-2026,11:30,4,104,4,18
889,24-01-2026,10:45,1,101,3,45
890,24-01-2026,12:30,2,103,8,40
891,24-01-2026,18:15,1,105,2,16
892,24-01-2026,10:30,4,103,4,20
893,25-01-2026,12:00,3,104,4,18
894,25-01-2026,16:30,1,105,6,48
895,25-01-2026,11:15,1,103,10,50
896,25-01-2026,19:45,2,102,1,10
897,26-01-2026,18:30,1,102,2,20
898,26-01-2026,11:00,2,105,1,8
899,26-01-2026,17:30,4,101,7,105
900,26-01-2026,13:00,2,103,10,50
901,26-01-2026,19:30,2,102,7,70
902,27-01-2026,18:15,1,102,6,60
903,27-01-2026,16:15,3,105,6,48
904,27-01-2026,20:15,1,103,1,5
905,27-01-2026,20:30,2,104,1,4.5
906,27-01-2026,15:45,3,105,3,24
907,27-01-2026,10:45,3,104,6,27
